T,Duration,Speedup
1,4819,1
2,2411,1.99876
3,1609,2.99503
4,1205,3.99917
5,966,4.98861
6,806,5.97891
7,690,6.98406
8,610,7.9
9,546,8.82601
10,484,9.95661
11,441,10.9274
12,405,11.8988
13,373,12.9196
14,345,13.9681
15,323,14.9195
16,309,15.5955
17,285,16.9088
18,270,17.8481
19,255,18.898
20,243,19.8313
21,232,20.7716
22,221,21.8054
23,212,22.7311
24,203,23.7389
